{"cameraMode":{"drawMode":0,"name":"Shaded","section":"Shading Mode"},"sceneLighting":true,"audioPlay":false,"sceneViewState":{"m_AlwaysRefresh":false,"showFog":true,"showSkybox":true,"showFlares":true,"showImageEffects":true,"showParticleSystems":true,"showVisualEffectGraphs":true,"m_FxEnabled":true},"in2DMode":false,"pivot":{"x":12.615880012512207,"y":-0.7279014587402344,"z":306.7833557128906},"rotation":{"x":0.15534280240535737,"y":0.017467686906456949,"z":-0.0027552973479032518,"w":0.9877140522003174},"size":122.8046646118164,"orthographic":false}